StartTimeUnixNano,EndTimeUnixNano,Duration,TraceID,SpanID,ParentID,PodName,OperationName
1674992189286000000,1674992189303120587,17120,t21,s107,s0,ts-gateway-service,/*
1674992189286923261,1674992189302950571,16027,t21,s484,s107,ts-gateway-service,FilteringWebHandler.handle
1674992189287756229,1674992189303091434,15335,t21,s593,s107,ts-gateway-service,HTTP POST
1674992189291000000,1674992189301930112,10930,t21,s315,s593,ts-travel2-service,/api/v1/travel2service/trips/left
1674992189292351306,1674992189298068249,5716,t21,s171,s315,ts-travel2-service,Travel2Controller.queryInfo
1674992189301381615,1674992189301786205,404,t21,s353,s315,ts-travel2-service,BasicErrorController.error
1674992189293226697,1674992189297429957,4203,t21,s257,s171,ts-travel2-service,TripRepository.findAll
1674992189295508974,1674992189296409528,900,t21,s604,s257,ts-travel2-service,SELECT Trip
1674992189296446939,1674992189297107774,660,t21,s544,s257,ts-travel2-service,Transaction.commit
1674992189295643647,1674992189296258590,614,t21,s498,s604,ts-travel2-service,SELECT ts.trip2
1674992172019000000,1674992172035528323,16528,t1,s566,s0,ts-gateway-service,/*
1674992172019428658,1674992172035368651,15939,t1,s288,s566,ts-gateway-service,FilteringWebHandler.handle
1674992172020291070,1674992172035505089,15214,t1,s641,s566,ts-gateway-service,HTTP POST
1674992172022000000,1674992172033845097,11845,t1,s672,s641,ts-auth-service,/api/v1/users/login
1674992172023421170,1674992172024919854,1498,t1,s359,s672,ts-auth-service,UserController.getToken
1674992172032281289,1674992172033605786,1324,t1,s308,s672,ts-auth-service,BasicErrorController.error
1674992177577000000,1674992177592131711,15131,t6,s189,s0,ts-gateway-service,/*
1674992177577763907,1674992177591918242,14154,t6,s438,s189,ts-gateway-service,FilteringWebHandler.handle
1674992177578646075,1674992177592071673,13425,t6,s586,s189,ts-gateway-service,HTTP POST
1674992177581000000,1674992177590601301,9601,t6,s57,s586,ts-travel2-service,/api/v1/travel2service/trips/left
1674992177581891595,1674992177587303786,5412,t6,s423,s57,ts-travel2-service,Travel2Controller.queryInfo
1674992177590137632,1674992177590467529,329,t6,s23,s57,ts-travel2-service,BasicErrorController.error
1674992177582526464,1674992177586696868,4170,t6,s553,s423,ts-travel2-service,TripRepository.findAll
1674992177584677208,1674992177585473789,796,t6,s105,s553,ts-travel2-service,SELECT Trip
1674992177585495770,1674992177586312370,816,t6,s363,s553,ts-travel2-service,Transaction.commit
1674992177584787098,1674992177585370867,583,t6,s328,s105,ts-travel2-service,SELECT ts.trip2
1674992190204000000,1674992190221641281,17641,t7,s66,s0,ts-gateway-service,/*
1674992190204924735,1674992190221412401,16487,t7,s515,s66,ts-gateway-service,FilteringWebHandler.handle
1674992190205969692,1674992190221598831,15629,t7,s320,s66,ts-gateway-service,HTTP POST
1674992190208000000,1674992190219203498,11203,t7,s541,s320,ts-travel2-service,/api/v1/travel2service/trips/left
1674992190208839923,1674992190214661627,5821,t7,s420,s541,ts-travel2-service,Travel2Controller.queryInfo
1674992190218578845,1674992190219028226,449,t7,s99,s541,ts-travel2-service,BasicErrorController.error
1674992190209499856,1674992190213540343,4040,t7,s491,s420,ts-travel2-service,TripRepository.findAll
1674992190211469683,1674992190212257659,787,t7,s317,s491,ts-travel2-service,SELECT Trip
1674992190212281614,1674992190213092499,810,t7,s146,s491,ts-travel2-service,Transaction.commit
1674992190211580903,1674992190212151502,570,t7,s393,s317,ts-travel2-service,SELECT ts.trip2
1674992173811000000,1674992173841566084,30566,t28,s514,s0,ts-gateway-service,/*
1674992173811835085,1674992173841353173,29518,t28,s475,s514,ts-gateway-service,FilteringWebHandler.handle
1674992173812855169,1674992173841569568,28714,t28,s169,s514,ts-gateway-service,HTTP POST
1674992173815000000,1674992173825603438,10603,t28,s599,s169,ts-travel2-service,/api/v1/travel2service/trips/left
1674992173816151318,1674992173821744935,5593,t28,s699,s599,ts-travel2-service,Travel2Controller.queryInfo
1674992173825044851,1674992173825429770,384,t28,s349,s599,ts-travel2-service,BasicErrorController.error
1674992173816864614,1674992173821037706,4173,t28,s179,s699,ts-travel2-service,TripRepository.findAll
1674992173819002882,1674992173819923536,920,t28,s180,s179,ts-travel2-service,SELECT Trip
1674992173819953999,1674992173820611876,657,t28,s693,s179,ts-travel2-service,Transaction.commit
1674992173819145616,1674992173819803296,657,t28,s301,s180,ts-travel2-service,SELECT ts.trip2
1674992198695000000,1674992199341849539,646849,t13,s302,s0,ts-gateway-service,/*
1674992198695937789,1674992199341647843,645710,t13,s291,s302,ts-gateway-service,FilteringWebHandler.handle
1674992198696903004,1674992199341816724,644913,t13,s380,s302,ts-gateway-service,HTTP POST
1674992198700000000,1674992199339544811,639544,t13,s139,s380,ts-travel2-service,/api/v1/travel2service/trips/left
1674992198700879120,1674992199339150052,638270,t13,s156,s139,ts-travel2-service,Travel2Controller.queryInfo
1674992198701547942,1674992198705807526,4259,t13,s4,s156,ts-travel2-service,TripRepository.findAll
1674992198703814380,1674992198704720906,906,t13,s71,s4,ts-travel2-service,SELECT Trip
1674992198704744371,1674992198705491658,747,t13,s152,s4,ts-travel2-service,Transaction.commit
1674992198703949976,1674992198704618672,668,t13,s82,s71,ts-travel2-service,SELECT ts.trip2
1674992198706364615,1674992199022116628,315752,t13,s723,s156,ts-travel2-service,HTTP POST
1674992198709000000,1674992199020881902,311881,t13,s65,s723,ts-basic-service,/api/v1/basicservice/basic/travels
1674992198709354639,1674992199020718303,311363,t13,s681,s65,ts-basic-service,BasicController.queryForTravels
1674992198713701345,1674992198727085669,13384,t13,s385,s681,ts-basic-service,HTTP POST
1674992198728095851,1674992198739416590,11320,t13,s283,s681,ts-basic-service,HTTP POST
1674992198742259206,1674992198764215754,21956,t13,s637,s681,ts-basic-service,HTTP POST
1674992198767465407,1674992199017967936,250502,t13,s690,s681,ts-basic-service,HTTP POST
1674992198715000000,1674992198727362318,12362,t13,s678,s385,ts-station-service,/api/v1/stationservice/stations/idlist
1674992198716903682,1674992198727153533,10249,t13,s628,s678,ts-station-service,StationController.queryForIdBatch
1674992198719046231,1674992198725345694,6299,t13,s32,s628,ts-station-service,StationRepository.findByNames
1674992198719223931,1674992198725334622,6110,t13,s118,s32,ts-station-service,SELECT station
1674992198722605321,1674992198725229091,2623,t13,s422,s118,ts-station-service,SELECT ts.station
1674992198729000000,1674992198736716679,7716,t13,s234,s283,ts-train-service,/api/v1/trainservice/trains/byNames
1674992198729824143,1674992198736268981,6444,t13,s429,s234,ts-train-service,TrainController.retrieveByName
1674992198730858678,1674992198735429403,4570,t13,s41,s429,ts-train-service,TrainTypeRepository.findByNames
1674992198731080827,1674992198735405968,4325,t13,s521,s41,ts-train-service,SELECT train_type
1674992198734076759,1674992198735139980,1063,t13,s236,s521,ts-train-service,SELECT ts.train_type
1674992198744000000,1674992198761303465,17303,t13,s605,s637,ts-route-service,/api/v1/routeservice/routes/byIds/
1674992198745196396,1674992198760920471,15724,t13,s627,s605,ts-route-service,RouteController.queryByIds
1674992198746900040,1674992198751138888,4238,t13,s239,s627,ts-route-service,RouteRepository.findByIds
1674992198747204597,1674992198751120397,3915,t13,s311,s239,ts-route-service,SELECT route
1674992198749939402,1674992198750881843,942,t13,s601,s311,ts-route-service,SELECT ts.route
1674992198751531009,1674992198752372807,841,t13,s16,s627,ts-route-service,SELECT ts.route_stations
1674992198752520982,1674992198753208635,687,t13,s87,s627,ts-route-service,SELECT ts.route_distances
1674992198753311913,1674992198754094397,782,t13,s221,s627,ts-route-service,SELECT ts.route_stations
1674992198754284166,1674992198755131155,846,t13,s198,s627,ts-route-service,SELECT ts.route_distances
1674992198755282272,1674992198756077112,794,t13,s468,s627,ts-route-service,SELECT ts.route_stations
1674992198756189942,1674992198757084044,894,t13,s229,s627,ts-route-service,SELECT ts.route_distances
1674992198757182449,1674992198757849217,666,t13,s28,s627,ts-route-service,SELECT ts.route_stations
1674992198757937494,1674992198758790719,853,t13,s225,s627,ts-route-service,SELECT ts.route_distances
1674992198758866277,1674992198759842283,976,t13,s274,s627,ts-route-service,SELECT ts.route_stations
1674992198759934820,1674992198760674818,739,t13,s563,s627,ts-route-service,SELECT ts.route_distances
1674992178331000000,1674992178346423621,15423,t16,s51,s0,ts-gateway-service,/*
1674992178331946923,1674992178346238899,14291,t16,s60,s51,ts-gateway-service,FilteringWebHandler.handle
1674992178332979099,1674992178346693210,13714,t16,s212,s51,ts-gateway-service,HTTP POST
1674992178336000000,1674992178345224626,9224,t16,s399,s212,ts-travel2-service,/api/v1/travel2service/trips/left
1674992178337068833,1674992178341687491,4618,t16,s170,s399,ts-travel2-service,Travel2Controller.queryInfo
1674992178344745810,1674992178345088231,342,t16,s195,s399,ts-travel2-service,BasicErrorController.error
1674992178337754043,1674992178341093559,3339,t16,s232,s170,ts-travel2-service,TripRepository.findAll
1674992178339287265,1674992178340089982,802,t16,s147,s232,ts-travel2-service,SELECT Trip
1674992178340112658,1674992178340773532,660,t16,s574,s232,ts-travel2-service,Transaction.commit
1674992178339396595,1674992178339980336,583,t16,s644,s147,ts-travel2-service,SELECT ts.trip2
1674992197594000000,1674992198948489345,1354489,t23,s394,s0,ts-gateway-service,/*
1674992197595023041,1674992198948326299,1353303,t23,s122,s394,ts-gateway-service,FilteringWebHandler.handle
1674992197596222659,1674992198948446721,1352224,t23,s157,s394,ts-gateway-service,HTTP POST
1674992197599000000,1674992198947987460,1348987,t23,s540,s157,ts-travel2-service,/api/v1/travel2service/trips/left
1674992197600147617,1674992198947490787,1347343,t23,s160,s540,ts-travel2-service,Travel2Controller.queryInfo
1674992197600881319,1674992197605117278,4235,t23,s652,s160,ts-travel2-service,TripRepository.findAll
1674992197603049029,1674992197604006849,957,t23,s116,s652,ts-travel2-service,SELECT Trip
1674992197604033430,1674992197604756733,723,t23,s244,s652,ts-travel2-service,Transaction.commit
1674992197603192944,1674992197603880289,687,t23,s241,s116,ts-travel2-service,SELECT ts.trip2
1674992197605718359,1674992198230584294,624865,t23,s294,s160,ts-travel2-service,HTTP POST
1674992197613000000,1674992198000720038,387720,t23,s124,s294,ts-basic-service,/api/v1/basicservice/basic/travels
1674992197613385396,1674992198000584452,387199,t23,s350,s124,ts-basic-service,BasicController.queryForTravels
1674992197618104865,1674992197636117355,18012,t23,s395,s350,ts-basic-service,HTTP POST
1674992197636880817,1674992197893309265,256428,t23,s162,s350,ts-basic-service,HTTP POST
1674992197896533033,1674992197968896233,72363,t23,s6,s350,ts-basic-service,HTTP POST
1674992197972549723,1674992197996952466,24402,t23,s467,s350,ts-basic-service,HTTP POST
1674992197620000000,1674992197634965083,14965,t23,s120,s395,ts-station-service,/api/v1/stationservice/stations/idlist
1674992197620476674,1674992197634758152,14281,t23,s529,s120,ts-station-service,StationController.queryForIdBatch
1674992197620999195,1674992197634494594,13495,t23,s406,s529,ts-station-service,StationRepository.findByNames
1674992197621084145,1674992197634479433,13395,t23,s304,s406,ts-station-service,SELECT station
1674992197624527451,1674992197634415112,9887,t23,s381,s304,ts-station-service,SELECT ts.station
1674992197871000000,1674992197890276925,19276,t23,s103,s162,ts-train-service,/api/v1/trainservice/trains/byNames
1674992197874200974,1674992197889739778,15538,t23,s10,s103,ts-train-service,TrainController.retrieveByName
1674992197877273343,1674992197889161247,11887,t23,s497,s10,ts-train-service,TrainTypeRepository.findByNames
1674992197877806053,1674992197889096004,11289,t23,s454,s497,ts-train-service,SELECT train_type
1674992197885836596,1674992197888891515,3054,t23,s417,s454,ts-train-service,SELECT ts.train_type
1674992197947000000,1674992197965796536,18796,t23,s279,s6,ts-route-service,/api/v1/routeservice/routes/byIds/
1674992197949703710,1674992197965078344,15374,t23,s280,s279,ts-route-service,RouteController.queryByIds
1674992197952144391,1674992197956834001,4689,t23,s255,s280,ts-route-service,RouteRepository.findByIds
1674992197952613391,1674992197956779259,4165,t23,s182,s255,ts-route-service,SELECT route
1674992197955440545,1674992197956349468,908,t23,s537,s182,ts-route-service,SELECT ts.route
1674992197957368364,1674992197958128615,760,t23,s181,s280,ts-route-service,SELECT ts.route_stations
1674992197958386344,1674992197959079952,693,t23,s624,s280,ts-route-service,SELECT ts.route_distances
1674992197959229490,1674992197959845658,616,t23,s178,s280,ts-route-service,SELECT ts.route_stations
1674992197959922898,1674992197960605012,682,t23,s217,s280,ts-route-service,SELECT ts.route_distances
1674992197960693453,1674992197961394629,701,t23,s654,s280,ts-route-service,SELECT ts.route_stations
1674992197961468720,1674992197962045019,576,t23,s55,s280,ts-route-service,SELECT ts.route_distances
1674992197962134109,1674992197962691008,556,t23,s183,s280,ts-route-service,SELECT ts.route_stations
1674992197962774987,1674992197963370605,595,t23,s617,s280,ts-route-service,SELECT ts.route_distances
1674992197963450468,1674992197964064072,613,t23,s379,s280,ts-route-service,SELECT ts.route_stations
1674992197964149952,1674992197964718458,568,t23,s724,s280,ts-route-service,SELECT ts.route_distances
1674992197982000000,1674992197993364272,11364,t23,s270,s467,ts-price-service,/api/v1/priceservice/prices/byRouteIdsAndTrainTypes
1674992197984042023,1674992197993085398,9043,t23,s261,s270,ts-price-service,PriceController.query
1674992197986535918,1674992197992636712,6100,t23,s357,s261,ts-price-service,PriceConfigRepository.findByRouteIdsAndTrainTypes
1674992197986941487,1674992197992617182,5675,t23,s564,s357,ts-price-service,SELECT price_config
1674992197990671710,1674992197992505897,1834,t23,s640,s564,ts-price-service,SELECT ts.price_config
1674992198232093033,1674992198484044509,251951,t23,s612,s160,ts-travel2-service,HTTP POST
1674992198485030325,1674992198946092834,461062,t23,s268,s160,ts-travel2-service,HTTP POST
1674992198454000000,1674992198483284375,29284,t23,s542,s612,ts-seat-service,/api/v1/seatservice/seats/left_tickets
1674992198456047712,1674992198482857135,26809,t23,s446,s542,ts-seat-service,SeatController.getLeftTicketOfInterval
1674992198461309519,1674992198470205045,8895,t23,s184,s446,ts-seat-service,HTTP POST
1674992198471733724,1674992198481201241,9467,t23,s253,s446,ts-seat-service,HTTP GET
1674992198466000000,1674992198468877631,2877,t23,s121,s184,ts-order-other-service,/api/v1/orderOtherService/orderOther/tickets
1674992198712000000,1674992198714432891,2432,t23,s424,s579,ts-order-other-service,/api/v1/orderOtherService/orderOther/tickets
1674992198466421933,1674992198468720978,2299,t23,s455,s121,ts-order-other-service,OrderOtherController.getTicketListByDateAndTripId
1674992198712408984,1674992198714305491,1896,t23,s400,s424,ts-order-other-service,OrderOtherController.getTicketListByDateAndTripId
1674992198466935035,1674992198468303909,1368,t23,s520,s455,ts-order-other-service,OrderOtherRepository.findByTravelDateAndTrainNumber
1674992198712894298,1674992198713926895,1032,t23,s524,s400,ts-order-other-service,OrderOtherRepository.findByTravelDateAndTrainNumber
1674992198466994835,1674992198468294745,1299,t23,s330,s520,ts-order-other-service,SELECT Order
1674992198712951587,1674992198713919744,968,t23,s492,s524,ts-order-other-service,SELECT Order
1674992198467614423,1674992198468279792,665,t23,s92,s330,ts-order-other-service,SELECT ts.orders_other
1674992198713057297,1674992198713905875,848,t23,s645,s492,ts-order-other-service,SELECT ts.orders_other
1674992198475000000,1674992198479653968,4653,t23,s238,s253,ts-config-service,/api/v1/configservice/configs/{configName}
1674992198475813852,1674992198479491894,3678,t23,s589,s238,ts-config-service,ConfigController.retrieve
1674992198476533218,1674992198478912832,2379,t23,s453,s589,ts-config-service,ConfigRepository.findByName
1674992198476664571,1674992198478909565,2244,t23,s441,s453,ts-config-service,SELECT Config
1674992198478276426,1674992198478837687,561,t23,s506,s441,ts-config-service,SELECT ts.config
1674992198708000000,1674992198944016312,236016,t23,s669,s268,ts-seat-service,/api/v1/seatservice/seats/left_tickets
1674992198708438421,1674992198943808938,235370,t23,s193,s669,ts-seat-service,SeatController.getLeftTicketOfInterval
1674992198710098692,1674992198936006435,225907,t23,s579,s193,ts-seat-service,HTTP POST
1674992186135000000,1674992186147063803,12063,t29,s273,s0,ts-gateway-service,/*
1674992186135616912,1674992186146893330,11276,t29,s726,s273,ts-gateway-service,FilteringWebHandler.handle
1674992186136432853,1674992186147029261,10596,t29,s560,s273,ts-gateway-service,HTTP POST
1674992186139000000,1674992186146181551,7181,t29,s113,s560,ts-auth-service,/api/v1/users/login
1674992186140397547,1674992186141623716,1226,t29,s127,s113,ts-auth-service,UserController.getToken
1674992186145368385,1674992186145879736,511,t29,s235,s113,ts-auth-service,BasicErrorController.error
1674992189071000000,1674992189083789373,12789,t19,s22,s0,ts-gateway-service,/*
1674992189071461521,1674992189083612533,12151,t19,s667,s22,ts-gateway-service,FilteringWebHandler.handle
1674992189072321611,1674992189083761486,11439,t19,s227,s22,ts-gateway-service,HTTP POST
1674992189075000000,1674992189082819298,7819,t19,s77,s227,ts-auth-service,/api/v1/users/login
1674992189076806173,1674992189078056115,1249,t19,s150,s77,ts-auth-service,UserController.getToken
1674992189082116394,1674992189082596755,480,t19,s43,s77,ts-auth-service,BasicErrorController.error
1674992198797000000,1674992198842779814,45779,t27,s402,s0,ts-gateway-service,/*
1674992198797645927,1674992198842688463,45042,t27,s552,s402,ts-gateway-service,FilteringWebHandler.handle
1674992198798605359,1674992198842763737,44158,t27,s439,s402,ts-gateway-service,HTTP GET
1674992198801000000,1674992198841627758,40627,t27,s692,s439,ts-execute-service,/api/v1/executeservice/execute/execute/{orderId}
1674992198802721432,1674992198841175636,38454,t27,s629,s692,ts-execute-service,ExecuteControlller.executeTicket
1674992198804067736,1674992198833370749,29303,t27,s485,s629,ts-execute-service,HTTP GET
1674992198834025067,1674992198840252374,6227,t27,s688,s629,ts-execute-service,HTTP GET
1674992198811000000,1674992198832745036,21745,t27,s90,s485,ts-order-service,/api/v1/orderservice/order/{orderId}
1674992198811457180,1674992198832582449,21125,t27,s61,s90,ts-order-service,OrderController.getOrderById
1674992198811858678,1674992198831942330,20083,t27,s631,s61,ts-order-service,OrderRepository.findById
1674992198819994204,1674992198822567699,2573,t27,s45,s631,ts-order-service,Session.find order.entity.Order
1674992198822583870,1674992198829706640,7122,t27,s623,s631,ts-order-service,Transaction.commit
1674992198820143706,1674992198822531108,2387,t27,s361,s45,ts-order-service,SELECT ts.orders
1674992198836000000,1674992198839749278,3749,t27,s408,s688,ts-order-other-service,/api/v1/orderOtherService/orderOther/{orderId}
1674992198836441591,1674992198839614607,3173,t27,s204,s408,ts-order-other-service,OrderOtherController.getOrderById
1674992198836739207,1674992198839240099,2500,t27,s507,s204,ts-order-other-service,OrderOtherRepository.findById
1674992198837551455,1674992198838294028,742,t27,s445,s507,ts-order-other-service,Session.find other.entity.Order
1674992198838303065,1674992198838879628,576,t27,s79,s507,ts-order-other-service,Transaction.commit
1674992198837662979,1674992198838194537,531,t27,s433,s445,ts-order-other-service,SELECT ts.orders_other
1674992182583000000,1674992182602958555,19958,t8,s556,s0,ts-gateway-service,/*
1674992182583651639,1674992182602779951,19128,t8,s100,s556,ts-gateway-service,FilteringWebHandler.handle
1674992182584685603,1674992182602938440,18252,t8,s500,s556,ts-gateway-service,HTTP GET
1674992182587000000,1674992182601865334,14865,t8,s436,s500,ts-execute-service,/api/v1/executeservice/execute/execute/{orderId}
1674992182589034484,1674992182601298414,12263,t8,s300,s436,ts-execute-service,ExecuteControlller.executeTicket
1674992182590577656,1674992182600087255,9509,t8,s205,s300,ts-execute-service,HTTP GET
1674992182594000000,1674992182599404861,5404,t8,s293,s205,ts-order-service,/api/v1/orderservice/order/{orderId}
1674992182594479861,1674992182599273793,4793,t8,s342,s293,ts-order-service,OrderController.getOrderById
1674992182594922333,1674992182598850546,3928,t8,s450,s342,ts-order-service,OrderRepository.findById
1674992182596984696,1674992182597861691,876,t8,s133,s450,ts-order-service,Session.find order.entity.Order
1674992182597876130,1674992182598534646,658,t8,s378,s450,ts-order-service,Transaction.commit
1674992182597074012,1674992182597747906,673,t8,s426,s133,ts-order-service,SELECT ts.orders
1674992174397000000,1674992174574800974,177800,t10,s662,s0,ts-gateway-service,/*
1674992174397600306,1674992174574635623,177035,t10,s8,s662,ts-gateway-service,FilteringWebHandler.handle
1674992174398443775,1674992174574779502,176335,t10,s511,s662,ts-gateway-service,HTTP POST
1674992174403000000,1674992174574164961,171164,t10,s281,s511,ts-inside-payment-service,/api/v1/inside_pay_service/inside_payment
1674992174407024951,1674992174572708038,165683,t10,s52,s281,ts-inside-payment-service,InsidePaymentController.pay
1674992174410312678,1674992174421286635,10973,t10,s348,s52,ts-inside-payment-service,HTTP GET
1674992174523926842,1674992174549773650,25846,t10,s135,s52,ts-inside-payment-service,HTTP POST
1674992174560488200,1674992174571416933,10928,t10,s547,s52,ts-inside-payment-service,HTTP GET
1674992174415000000,1674992174419766286,4766,t10,s276,s348,ts-order-service,/api/v1/orderservice/order/{orderId}
1674992174562000000,1674992174569516465,7516,t10,s525,s547,ts-order-service,/api/v1/orderservice/order/status/{orderId}/{status}
1674992174415591750,1674992174419593339,4001,t10,s339,s276,ts-order-service,OrderController.getOrderById
1674992174562576050,1674992174569334925,6758,t10,s62,s525,ts-order-service,OrderController.modifyOrder
1674992174416006074,1674992174419171128,3165,t10,s1,s339,ts-order-service,OrderRepository.findById
1674992174563008376,1674992174565961512,2953,t10,s163,s62,ts-order-service,OrderRepository.findById
1674992174565968047,1674992174568910963,2942,t10,s355,s62,ts-order-service,OrderRepository.save
1674992174417386169,1674992174418185796,799,t10,s565,s1,ts-order-service,Session.find order.entity.Order
1674992174418200191,1674992174418849824,649,t10,s313,s1,ts-order-service,Transaction.commit
1674992174564132985,1674992174564896778,763,t10,s613,s163,ts-order-service,Session.find order.entity.Order
1674992174564911053,1674992174565630109,719,t10,s639,s163,ts-order-service,Transaction.commit
1674992174566412191,1674992174566433107,20,t10,s545,s355,ts-order-service,Session.merge order.entity.Order
1674992174566436939,1674992174568902026,2465,t10,s392,s355,ts-order-service,Transaction.commit
1674992174417476068,1674992174418067964,591,t10,s129,s565,ts-order-service,SELECT ts.orders
1674992174564224834,1674992174564788752,563,t10,s332,s613,ts-order-service,SELECT ts.orders
1674992174566536054,1674992174568242942,1706,t10,s614,s392,ts-order-service,UPDATE ts.orders
1674992174421962197,1674992174516278701,94316,t10,s610,s52,ts-inside-payment-service,PaymentRepository.findByUserId
1674992174516368412,1674992174522484558,6116,t10,s595,s52,ts-inside-payment-service,AddMoneyRepository.findByUserId
1674992174551521871,1674992174559688655,8166,t10,s546,s52,ts-inside-payment-service,PaymentRepository.save
1674992174423130667,1674992174516203819,93073,t10,s243,s610,ts-inside-payment-service,SELECT Payment
1674992174516749744,1674992174522440941,5691,t10,s282,s595,ts-inside-payment-service,SELECT Money
1674992174553109214,1674992174553425347,316,t10,s583,s546,ts-inside-payment-service,Session.persist inside_payment.entity.Payment
1674992174553500028,1674992174559644610,6144,t10,s526,s546,ts-inside-payment-service,Transaction.commit
1674992174427588396,1674992174511047252,83458,t10,s218,s243,ts-inside-payment-service,SELECT ts.inside_payment
1674992174516959081,1674992174518106666,1147,t10,s86,s282,ts-inside-payment-service,SELECT ts.inside_money
1674992174555231697,1674992174557892865,2661,t10,s698,s526,ts-inside-payment-service,INSERT ts.inside_payment
1674992174530000000,1674992174549307033,19307,t10,s372,s135,ts-payment-service,/api/v1/paymentservice/payment
1674992174532791116,1674992174548344187,15553,t10,s102,s372,ts-payment-service,PaymentController.pay
1674992174534315816,1674992174538492156,4176,t10,s144,s102,ts-payment-service,PaymentRepository.findByOrderId
1674992174538530385,1674992174547560682,9030,t10,s419,s102,ts-payment-service,PaymentRepository.save
1674992174534874072,1674992174538386834,3512,t10,s660,s144,ts-payment-service,SELECT Payment
1674992174539424143,1674992174543123091,3698,t10,s528,s419,ts-payment-service,Session.merge com.trainticket.entity.Payment
1674992174543165615,1674992174547517125,4351,t10,s199,s419,ts-payment-service,Transaction.commit
1674992174536565402,1674992174538034887,1469,t10,s513,s660,ts-payment-service,SELECT ts.payment
1674992174539755575,1674992174540492186,736,t10,s250,s528,ts-payment-service,SELECT ts.payment
1674992174543472362,1674992174546354656,2882,t10,s443,s199,ts-payment-service,INSERT ts.payment
1674992174868000000,1674992174977312025,109312,t2,s190,s0,ts-gateway-service,/*
1674992174868583062,1674992174977104074,108521,t2,s673,s190,ts-gateway-service,FilteringWebHandler.handle
1674992174869486065,1674992174977292063,107805,t2,s275,s190,ts-gateway-service,HTTP POST
1674992174871000000,1674992174974205016,103205,t2,s319,s275,ts-inside-payment-service,/api/v1/inside_pay_service/inside_payment
1674992174873003483,1674992174972824185,99820,t2,s106,s319,ts-inside-payment-service,InsidePaymentController.pay
1674992174874969012,1674992174884010516,9041,t2,s568,s106,ts-inside-payment-service,HTTP GET
1674992174934195431,1674992174954131899,19936,t2,s153,s106,ts-inside-payment-service,HTTP POST
1674992174962990465,1674992174971873394,8882,t2,s192,s106,ts-inside-payment-service,HTTP GET
1674992174880000000,1674992174884005310,4005,t2,s470,s568,ts-order-other-service,/api/v1/orderOtherService/orderOther/{orderId}
1674992174965000000,1674992174971411356,6411,t2,s155,s192,ts-order-other-service,/api/v1/orderOtherService/orderOther/status/{orderId}/{status}
1674992174880683340,1674992174883758709,3075,t2,s213,s470,ts-order-other-service,OrderOtherController.getOrderById
1674992174965526077,1674992174971166196,5640,t2,s567,s155,ts-order-other-service,OrderOtherController.modifyOrder
1674992174881112993,1674992174883323467,2210,t2,s473,s213,ts-order-other-service,OrderOtherRepository.findById
1674992174965869160,1674992174968055984,2186,t2,s230,s567,ts-order-other-service,OrderOtherRepository.findById
1674992174968062418,1674992174970731725,2669,t2,s434,s567,ts-order-other-service,OrderOtherRepository.save
1674992174881904711,1674992174882639384,734,t2,s489,s473,ts-order-other-service,Session.find other.entity.Order
1674992174882648639,1674992174883104433,455,t2,s603,s473,ts-order-other-service,Transaction.commit
1674992174966794312,1674992174967416638,622,t2,s490,s230,ts-order-other-service,Session.find other.entity.Order
1674992174967425763,1674992174967839883,414,t2,s26,s230,ts-order-other-service,Transaction.commit
1674992174968308192,1674992174968339918,31,t2,s209,s434,ts-order-other-service,Session.merge other.entity.Order
1674992174968342631,1674992174970724625,2381,t2,s683,s434,ts-order-other-service,Transaction.commit
1674992174882094415,1674992174882530106,435,t2,s653,s489,ts-order-other-service,SELECT ts.orders_other
1674992174966950162,1674992174967297220,347,t2,s58,s490,ts-order-other-service,SELECT ts.orders_other
1674992174968488197,1674992174970089155,1600,t2,s651,s683,ts-order-other-service,UPDATE ts.orders_other
1674992174884500772,1674992174931195221,46694,t2,s647,s106,ts-inside-payment-service,PaymentRepository.findByUserId
1674992174931238129,1674992174933173803,1935,t2,s684,s106,ts-inside-payment-service,AddMoneyRepository.findByUserId
1674992174956161943,1674992174962330680,6168,t2,s310,s106,ts-inside-payment-service,PaymentRepository.save
1674992174884826235,1674992174931132179,46305,t2,s321,s647,ts-inside-payment-service,SELECT Payment
1674992174931566050,1674992174933137058,1571,t2,s141,s684,ts-inside-payment-service,SELECT Money
1674992174957307343,1674992174957455761,148,t2,s576,s310,ts-inside-payment-service,Session.persist inside_payment.entity.Payment
1674992174957492689,1674992174962288997,4796,t2,s168,s310,ts-inside-payment-service,Transaction.commit
1674992174885946814,1674992174926361860,40415,t2,s173,s321,ts-inside-payment-service,SELECT ts.inside_payment
1674992174931742606,1674992174932744077,1001,t2,s27,s141,ts-inside-payment-service,SELECT ts.inside_money
1674992174958727653,1674992174960882508,2154,t2,s607,s168,ts-inside-payment-service,INSERT ts.inside_payment
1674992174938000000,1674992174955329649,17329,t2,s543,s153,ts-payment-service,/api/v1/paymentservice/payment
1674992174941256995,1674992174954124444,12867,t2,s703,s543,ts-payment-service,PaymentController.pay
1674992174943023053,1674992174945772884,2749,t2,s18,s703,ts-payment-service,PaymentRepository.findByOrderId
1674992174945835320,1674992174953048210,7212,t2,s186,s703,ts-payment-service,PaymentRepository.save
1674992174943544815,1674992174945630895,2086,t2,s503,s18,ts-payment-service,SELECT Payment
1674992174946821879,1674992174948785283,1963,t2,s412,s186,ts-payment-service,Session.merge com.trainticket.entity.Payment
1674992174948851307,1674992174952988809,4137,t2,s427,s186,ts-payment-service,Transaction.commit
1674992174943966403,1674992174945225536,1259,t2,s158,s503,ts-payment-service,SELECT ts.payment
1674992174947259344,1674992174948087784,828,t2,s430,s412,ts-payment-service,SELECT ts.payment
1674992174949321687,1674992174951640632,2318,t2,s474,s427,ts-payment-service,INSERT ts.payment
1674992186495000000,1674992186527886618,32886,t22,s682,s0,ts-gateway-service,/*
1674992186495715043,1674992186527655812,31940,t22,s94,s682,ts-gateway-service,FilteringWebHandler.handle
1674992186496784187,1674992186527822921,31038,t22,s249,s682,ts-gateway-service,HTTP GET
1674992186500000000,1674992186526952067,26952,t22,s88,s249,ts-execute-service,/api/v1/executeservice/execute/collected/{orderId}
1674992186501445009,1674992186526492186,25047,t22,s114,s88,ts-execute-service,ExecuteControlller.collectTicket
1674992186502506484,1674992186510814688,8308,t22,s263,s114,ts-execute-service,HTTP GET
1674992186511356719,1674992186517919907,6563,t22,s687,s114,ts-execute-service,HTTP GET
1674992186518446214,1674992186525958273,7512,t22,s418,s114,ts-execute-service,HTTP GET
1674992186505000000,1674992186510130811,5130,t22,s164,s263,ts-order-service,/api/v1/orderservice/order/{orderId}
1674992186505430583,1674992186510016231,4585,t22,s306,s164,ts-order-service,OrderController.getOrderById
1674992186505879189,1674992186509529986,3650,t22,s337,s306,ts-order-service,OrderRepository.findById
1674992186507870970,1674992186508537879,666,t22,s597,s337,ts-order-service,Session.find order.entity.Order
1674992186508549576,1674992186509199248,649,t22,s697,s337,ts-order-service,Transaction.commit
1674992186507956519,1674992186508509882,553,t22,s140,s597,ts-order-service,SELECT ts.orders
1674992186514000000,1674992186517958230,3958,t22,s707,s687,ts-order-other-service,/api/v1/orderOtherService/orderOther/{orderId}
1674992186519000000,1674992186525698135,6698,t22,s12,s418,ts-order-other-service,/api/v1/orderOtherService/orderOther/status/{orderId}/{status}
1674992186514518805,1674992186517803237,3284,t22,s700,s707,ts-order-other-service,OrderOtherController.getOrderById
1674992186519560356,1674992186525582406,6022,t22,s590,s12,ts-order-other-service,OrderOtherController.modifyOrder
1674992186514945129,1674992186517317513,2372,t22,s522,s700,ts-order-other-service,OrderOtherRepository.findById
1674992186520025962,1674992186521997060,1971,t22,s575,s590,ts-order-other-service,OrderOtherRepository.findById
1674992186522007616,1674992186525219534,3211,t22,s577,s590,ts-order-other-service,OrderOtherRepository.save
1674992186515937072,1674992186516602048,664,t22,s548,s522,ts-order-other-service,Session.find other.entity.Order
1674992186516612208,1674992186517085146,472,t22,s674,s522,ts-order-other-service,Transaction.commit
1674992186520743072,1674992186521277039,533,t22,s619,s575,ts-order-other-service,Session.find other.entity.Order
1674992186521283808,1674992186521771186,487,t22,s98,s575,ts-order-other-service,Transaction.commit
1674992186522275686,1674992186522300579,24,t22,s165,s577,ts-order-other-service,Session.merge other.entity.Order
1674992186522302824,1674992186525213507,2910,t22,s242,s577,ts-order-other-service,Transaction.commit
1674992186516069817,1674992186516483337,413,t22,s208,s548,ts-order-other-service,SELECT ts.orders_other
1674992186520826852,1674992186521204298,377,t22,s53,s619,ts-order-other-service,SELECT ts.orders_other
1674992186522416948,1674992186524656360,2239,t22,s104,s242,ts-order-other-service,UPDATE ts.orders_other
1674992179573000000,1674992179632722197,59722,t26,s536,s0,ts-gateway-service,/*
1674992179573939513,1674992179632525902,58586,t26,s729,s536,ts-gateway-service,FilteringWebHandler.handle
1674992179574832502,1674992179632682818,57850,t26,s143,s536,ts-gateway-service,HTTP POST
1674992179577000000,1674992179631353142,54353,t26,s625,s143,ts-travel-service,/api/v1/travelservice/trips/left
1674992179578215150,1674992179581759953,3544,t26,s535,s625,ts-travel-service,TravelController.queryInfo
1674992179630831096,1674992179631199014,367,t26,s303,s625,ts-travel-service,BasicErrorController.error
1674992179578918366,1674992179580836798,1918,t26,s187,s535,ts-travel-service,TripRepository.findAll
1674992179579797057,1674992179580339782,542,t26,s562,s187,ts-travel-service,SELECT Trip
1674992179580363663,1674992179580687567,323,t26,s222,s187,ts-travel-service,Transaction.commit
1674992179579881658,1674992179580235682,354,t26,s64,s562,ts-travel-service,SELECT ts.trip
1674992171706000000,1674992171719418067,13418,t17,s335,s0,ts-gateway-service,/*
1674992171707139125,1674992171719198829,12059,t17,s14,s335,ts-gateway-service,FilteringWebHandler.handle
1674992171708289001,1674992171719365289,11076,t17,s307,s335,ts-gateway-service,HTTP POST
1674992171711000000,1674992171718316370,7316,t17,s117,s307,ts-travel-service,/api/v1/travelservice/trips/left
1674992171711791964,1674992171715198317,3406,t17,s671,s117,ts-travel-service,TravelController.queryInfo
1674992171717872846,1674992171718175660,302,t17,s600,s117,ts-travel-service,BasicErrorController.error
1674992171712381778,1674992171714325702,1943,t17,s83,s671,ts-travel-service,TripRepository.findAll
1674992171713257570,1674992171713818655,561,t17,s95,s83,ts-travel-service,SELECT Trip
1674992171713838060,1674992171714169753,331,t17,s97,s83,ts-travel-service,Transaction.commit
1674992171713333321,1674992171713691594,358,t17,s215,s95,ts-travel-service,SELECT ts.trip
1674992176050000000,1674992176065839162,15839,t14,s298,s0,ts-gateway-service,/*
1674992176050753302,1674992176065620490,14867,t14,s706,s298,ts-gateway-service,FilteringWebHandler.handle
1674992176051636584,1674992176065768900,14132,t14,s686,s298,ts-gateway-service,HTTP POST
1674992176054000000,1674992176064028235,10028,t14,s685,s686,ts-travel-service,/api/v1/travelservice/trips/left
1674992176055551208,1674992176060100354,4549,t14,s494,s685,ts-travel-service,TravelController.queryInfo
1674992176063475816,1674992176063889117,413,t14,s694,s685,ts-travel-service,BasicErrorController.error
1674992176056529072,1674992176058966942,2437,t14,s616,s494,ts-travel-service,TripRepository.findAll
1674992176057648527,1674992176058379968,731,t14,s35,s616,ts-travel-service,SELECT Trip
1674992176058402850,1674992176058789871,387,t14,s19,s616,ts-travel-service,Transaction.commit
1674992176057748126,1674992176058248629,500,t14,s550,s35,ts-travel-service,SELECT ts.trip
1674992193548000000,1674992193741187409,193187,t25,s532,s0,ts-gateway-service,/*
1674992193548720539,1674992193740993058,192272,t25,s620,s532,ts-gateway-service,FilteringWebHandler.handle
1674992193549827501,1674992193741154620,191327,t25,s665,s532,ts-gateway-service,HTTP POST
1674992193556000000,1674992193739777334,183777,t25,s598,s665,ts-inside-payment-service,/api/v1/inside_pay_service/inside_payment
1674992193558693090,1674992193738058594,179365,t25,s231,s598,ts-inside-payment-service,InsidePaymentController.pay
1674992193560996287,1674992193606954449,45958,t25,s109,s231,ts-inside-payment-service,HTTP GET
1674992193629287565,1674992193669348847,40061,t25,s643,s231,ts-inside-payment-service,HTTP POST
1674992193680958088,1674992193734684784,53726,t25,s530,s231,ts-inside-payment-service,HTTP GET
1674992193572000000,1674992193591422209,19422,t25,s289,s109,ts-order-service,/api/v1/orderservice/order/{orderId}
1674992193688000000,1674992193718172033,30172,t25,s366,s530,ts-order-service,/api/v1/orderservice/order/status/{orderId}/{status}
1674992193572628332,1674992193591202678,18574,t25,s718,s289,ts-order-service,OrderController.getOrderById
1674992193688622662,1674992193717931393,29308,t25,s451,s366,ts-order-service,OrderController.modifyOrder
1674992193573080550,1674992193590709786,17629,t25,s70,s718,ts-order-service,OrderRepository.findById
1674992193689056101,1674992193705360921,16304,t25,s351,s451,ts-order-service,OrderRepository.findById
1674992193705369558,1674992193717394135,12024,t25,s509,s451,ts-order-service,OrderRepository.save
1674992193581460534,1674992193584413480,2952,t25,s676,s70,ts-order-service,Session.find order.entity.Order
1674992193584429609,1674992193588675631,4246,t25,s561,s70,ts-order-service,Transaction.commit
1674992193694824630,1674992193697727157,2902,t25,s658,s351,ts-order-service,Session.find order.entity.Order
1674992193697741180,1674992193702771600,5030,t25,s704,s351,ts-order-service,Transaction.commit
1674992193707980702,1674992193708005811,25,t25,s39,s509,ts-order-service,Session.merge order.entity.Order
1674992193708010590,1674992193717384756,9374,t25,s191,s509,ts-order-service,Transaction.commit
1674992193581584060,1674992193584305366,2721,t25,s237,s676,ts-order-service,SELECT ts.orders
1674992193694917084,1674992193697588628,2671,t25,s376,s658,ts-order-service,SELECT ts.orders
1674992193708099083,1674992193712265585,4166,t25,s410,s191,ts-order-service,UPDATE ts.orders
1674992193609529892,1674992193626170046,16640,t25,s551,s231,ts-inside-payment-service,PaymentRepository.findByUserId
1674992193626219365,1674992193628297396,2078,t25,s584,s231,ts-inside-payment-service,AddMoneyRepository.findByUserId
1674992193672069618,1674992193680090233,8020,t25,s264,s231,ts-inside-payment-service,PaymentRepository.save
1674992193609969208,1674992193626102999,16133,t25,s519,s551,ts-inside-payment-service,SELECT Payment
1674992193626609395,1674992193628261438,1652,t25,s130,s584,ts-inside-payment-service,SELECT Money
1674992193673503793,1674992193673751752,247,t25,s240,s264,ts-inside-payment-service,Session.persist inside_payment.entity.Payment
1674992193673808019,1674992193679985376,6177,t25,s663,s264,ts-inside-payment-service,Transaction.commit
1674992193612837880,1674992193621268361,8430,t25,s25,s519,ts-inside-payment-service,SELECT ts.inside_payment
1674992193626807724,1674992193627911296,1103,t25,s621,s130,ts-inside-payment-service,SELECT ts.inside_money
1674992193675901166,1674992193678167837,2266,t25,s252,s663,ts-inside-payment-service,INSERT ts.inside_payment
1674992193636000000,1674992193669748506,33748,t25,s668,s643,ts-payment-service,/api/v1/paymentservice/payment
1674992193643369883,1674992193667958971,24589,t25,s364,s668,ts-payment-service,PaymentController.pay
1674992193646677407,1674992193656219200,9541,t25,s322,s364,ts-payment-service,PaymentRepository.findByOrderId
1674992193656291276,1674992193665904613,9613,t25,s714,s364,ts-payment-service,PaymentRepository.save
1674992193647860789,1674992193656051890,8191,t25,s56,s322,ts-payment-service,SELECT Payment
1674992193657692981,1674992193660142260,2449,t25,s166,s714,ts-payment-service,Session.merge com.trainticket.entity.Payment
1674992193660242155,1674992193665805914,5563,t25,s382,s714,ts-payment-service,Transaction.commit
1674992193654044166,1674992193655606063,1561,t25,s516,s56,ts-payment-service,SELECT ts.payment
1674992193658384409,1674992193659261354,876,t25,s24,s166,ts-payment-service,SELECT ts.payment
1674992193661093997,1674992193663854373,2760,t25,s635,s382,ts-payment-service,INSERT ts.payment
1674992170341000000,1674992170356881416,15881,t15,s72,s0,ts-gateway-service,/*
1674992170342166930,1674992170356665540,14498,t15,s93,s72,ts-gateway-service,FilteringWebHandler.handle
1674992170343118049,1674992170356867774,13749,t15,s499,s72,ts-gateway-service,HTTP POST
1674992170345000000,1674992170355433751,10433,t15,s46,s499,ts-travel-service,/api/v1/travelservice/trips/left
1674992170346047363,1674992170349959754,3912,t15,s709,s46,ts-travel-service,TravelController.queryInfo
1674992170354739022,1674992170355252520,513,t15,s21,s46,ts-travel-service,BasicErrorController.error
1674992170346883652,1674992170348917199,2033,t15,s571,s709,ts-travel-service,TripRepository.findAll
1674992170347868432,1674992170348422154,553,t15,s457,s571,ts-travel-service,SELECT Trip
1674992170348441128,1674992170348761665,320,t15,s341,s571,ts-travel-service,Transaction.commit
1674992170347954376,1674992170348323395,369,t15,s397,s457,ts-travel-service,SELECT ts.trip
1674992180007000000,1674992180021027513,14027,t11,s20,s0,ts-gateway-service,/*
1674992180008000396,1674992180020837027,12836,t11,s463,s20,ts-gateway-service,FilteringWebHandler.handle
1674992180008992322,1674992180020990271,11997,t11,s670,s20,ts-gateway-service,HTTP POST
1674992180011000000,1674992180019600877,8600,t11,s290,s670,ts-travel-service,/api/v1/travelservice/trips/left
1674992180011965815,1674992180015644469,3678,t11,s728,s290,ts-travel-service,TravelController.queryInfo
1674992180019055156,1674992180019441019,385,t11,s125,s290,ts-travel-service,BasicErrorController.error
1674992180012528028,1674992180014507748,1979,t11,s413,s728,ts-travel-service,TripRepository.findAll
1674992180013363145,1674992180013957497,594,t11,s508,s413,ts-travel-service,SELECT Trip
1674992180013983024,1674992180014333937,350,t11,s362,s413,ts-travel-service,Transaction.commit
1674992180013475969,1674992180013834788,358,t11,s428,s508,ts-travel-service,SELECT ts.trip
1674992187275000000,1674992187613612721,338612,t5,s633,s0,ts-gateway-service,/*
1674992187275611231,1674992187613393495,337782,t5,s705,s633,ts-gateway-service,FilteringWebHandler.handle
1674992187276617627,1674992187613579636,336962,t5,s296,s633,ts-gateway-service,HTTP GET
1674992187284000000,1674992187611169493,327169,t5,s655,s296,ts-cancel-service,/api/v1/cancelservice/cancel/{orderId}/{loginId}
1674992187297414851,1674992187609400184,311985,t5,s727,s655,ts-cancel-service,CancelController.cancelTicket
1674992187303856524,1674992187316019019,12162,t5,s247,s727,ts-cancel-service,HTTP GET
1674992187319510876,1674992187329998369,10487,t5,s159,s727,ts-cancel-service,HTTP PUT
1674992187334750597,1674992187590036666,255286,t5,s154,s727,ts-cancel-service,HTTP GET
1674992187593180749,1674992187605536910,12356,t5,s502,s727,ts-cancel-service,HTTP GET
1674992187309000000,1674992187313757782,4757,t5,s585,s247,ts-order-service,/api/v1/orderservice/order/{orderId}
1674992187321000000,1674992187328747447,7747,t5,s449,s159,ts-order-service,/api/v1/orderservice/order
1674992187309686691,1674992187313559621,3872,t5,s425,s585,ts-order-service,OrderController.getOrderById
1674992187321452683,1674992187328534008,7081,t5,s721,s449,ts-order-service,OrderController.saveOrderInfo
1674992187310098657,1674992187313108477,3009,t5,s649,s425,ts-order-service,OrderRepository.findById
1674992187321864655,1674992187324393687,2529,t5,s356,s721,ts-order-service,OrderRepository.findById
1674992187324448914,1674992187328051903,3602,t5,s91,s721,ts-order-service,OrderRepository.save
1674992187311401223,1674992187312161061,759,t5,s375,s649,ts-order-service,Session.find order.entity.Order
1674992187312174696,1674992187312806298,631,t5,s580,s649,ts-order-service,Transaction.commit
1674992187322690414,1674992187323391992,701,t5,s615,s356,ts-order-service,Session.find order.entity.Order
1674992187323402658,1674992187324073629,670,t5,s391,s356,ts-order-service,Transaction.commit
1674992187324860760,1674992187324889116,28,t5,s119,s91,ts-order-service,Session.merge order.entity.Order
1674992187324895145,1674992187328038023,3142,t5,s554,s91,ts-order-service,Transaction.commit
1674992187311493983,1674992187312054942,560,t5,s383,s375,ts-order-service,SELECT ts.orders
1674992187322759782,1674992187323291916,532,t5,s47,s615,ts-order-service,SELECT ts.orders
1674992187325011622,1674992187327360397,2348,t5,s367,s554,ts-order-service,UPDATE ts.orders
1674992187340000000,1674992187589858218,249858,t5,s220,s154,ts-inside-payment-service,/api/v1/inside_pay_service/inside_payment/drawback/{userId}/{money}
1674992187344396545,1674992187588654400,244257,t5,s29,s220,ts-inside-payment-service,InsidePaymentController.drawBack
1674992187346173019,1674992187581022114,234849,t5,s407,s29,ts-inside-payment-service,AddMoneyRepository.findByUserId
1674992187581080181,1674992187587750131,6669,t5,s495,s29,ts-inside-payment-service,AddMoneyRepository.save
1674992187347612406,1674992187580955006,233342,t5,s76,s407,ts-inside-payment-service,SELECT Money
1674992187582312998,1674992187582472529,159,t5,s403,s495,ts-inside-payment-service,Session.persist inside_payment.entity.Money
1674992187582505671,1674992187587703727,5198,t5,s17,s495,ts-inside-payment-service,Transaction.commit
1674992187351661563,1674992187577562395,225900,t5,s504,s76,ts-inside-payment-service,SELECT ts.inside_money
1674992187583606166,1674992187586177931,2571,t5,s73,s17,ts-inside-payment-service,INSERT ts.inside_money
1674992187598000000,1674992187604261357,6261,t5,s549,s502,ts-user-service,/api/v1/userservice/users/id/{userId}
1674992187599493746,1674992187603744388,4250,t5,s112,s549,ts-user-service,UserController.getUserByUserId
1674992187600239627,1674992187603202890,2963,t5,s409,s112,ts-user-service,UserRepository.findByUserId
1674992187600454188,1674992187603183157,2728,t5,s401,s409,ts-user-service,SELECT User
1674992187602066931,1674992187602784991,718,t5,s329,s401,ts-user-service,SELECT ts.user
1674992183155000000,1674992183176459521,21459,t18,s74,s0,ts-gateway-service,/*
1674992183155483366,1674992183176285569,20802,t18,s69,s74,ts-gateway-service,FilteringWebHandler.handle
1674992183156262459,1674992183176435660,20173,t18,s344,s74,ts-gateway-service,HTTP POST
1674992183158000000,1674992183174648501,16648,t18,s115,s344,ts-inside-payment-service,/api/v1/inside_pay_service/inside_payment
1674992183160515654,1674992183173701459,13185,t18,s44,s115,ts-inside-payment-service,InsidePaymentController.pay
1674992183162548329,1674992183171870350,9322,t18,s517,s44,ts-inside-payment-service,HTTP GET
1674992183167000000,1674992183171213812,4213,t18,s689,s517,ts-order-other-service,/api/v1/orderOtherService/orderOther/{orderId}
1674992183167680790,1674992183170998402,3317,t18,s256,s689,ts-order-other-service,OrderOtherController.getOrderById
1674992183168122601,1674992183170554758,2432,t18,s36,s256,ts-order-other-service,OrderOtherRepository.findById
1674992183169194674,1674992183169886598,691,t18,s50,s36,ts-order-other-service,Session.find other.entity.Order
1674992183169897544,1674992183170340581,443,t18,s448,s36,ts-order-other-service,Transaction.commit
1674992183169345310,1674992183169774730,429,t18,s336,s50,ts-order-other-service,SELECT ts.orders_other
1674992167090458872,1674992167091163853,704,t24,s216,s49,ts-travel2-service,BasicErrorController.error
1674992167526000000,1674992167541722258,15722,t12,s211,s0,ts-gateway-service,/*
1674992167526831706,1674992167541536071,14704,t12,s386,s211,ts-gateway-service,FilteringWebHandler.handle
1674992167527774546,1674992167541690621,13916,t12,s325,s211,ts-gateway-service,HTTP POST
1674992167530000000,1674992167539489512,9489,t12,s476,s325,ts-travel2-service,/api/v1/travel2service/trips/left
1674992167531076442,1674992167535945709,4869,t12,s75,s476,ts-travel2-service,Travel2Controller.queryInfo
1674992167539000710,1674992167539349998,349,t12,s365,s476,ts-travel2-service,BasicErrorController.error
1674992167531750384,1674992167534961753,3211,t12,s373,s75,ts-travel2-service,TripRepository.findAll
1674992167533053449,1674992167533902357,848,t12,s664,s373,ts-travel2-service,SELECT Trip
1674992167533929743,1674992167534618543,688,t12,s161,s373,ts-travel2-service,Transaction.commit
1674992167533170903,1674992167533765847,594,t12,s573,s664,ts-travel2-service,SELECT ts.trip2
