Unnamed: 0,date,timestamp,cmdb_id,kpi_name,value,beijing_time
129386,2021-07-04,1625330305.0,0.0.0.3.logservice1,docker_cpu_core_16_ticks,0.0,2021-07-04 00:38:25
460450,2021-07-04,1625330305.0,0.0.0.3.webservice2,docker_cpu_core_16_ticks,0.0,2021-07-04 00:38:25
686543,2021-07-04,1625330313.0,0.0.0.4.dbservice1,docker_cpu_core_16_ticks,0.0,2021-07-04 00:38:33
365372,2021-07-04,1625330313.0,0.0.0.4.mobservice2,docker_cpu_core_16_ticks,0.0,2021-07-04 00:38:33
652651,2021-07-04,1625330320.0,0.0.0.1.mobservice1,docker_cpu_core_16_ticks,0.0,2021-07-04 00:38:40
398784,2021-07-04,1625330320.0,0.0.0.1.webservice1,docker_cpu_core_16_ticks,0.0,2021-07-04 00:38:40
620939,2021-07-04,1625330320.0,0.0.0.1.redisservice1,docker_cpu_core_16_ticks,0.0,2021-07-04 00:38:40
460451,2021-07-04,1625330335.0,0.0.0.3.webservice2,docker_cpu_core_16_ticks,0.0,2021-07-04 00:38:55
129387,2021-07-04,1625330335.0,0.0.0.3.logservice1,docker_cpu_core_16_ticks,0.0,2021-07-04 00:38:55
365373,2021-07-04,1625330341.0,0.0.0.4.mobservice2,docker_cpu_core_16_ticks,0.0,2021-07-04 00:39:01
686544,2021-07-04,1625330341.0,0.0.0.4.dbservice1,docker_cpu_core_16_ticks,0.0,2021-07-04 00:39:01
620940,2021-07-04,1625330350.0,0.0.0.1.redisservice1,docker_cpu_core_16_ticks,0.0,2021-07-04 00:39:10
652652,2021-07-04,1625330350.0,0.0.0.1.mobservice1,docker_cpu_core_16_ticks,0.0,2021-07-04 00:39:10
398785,2021-07-04,1625330350.0,0.0.0.1.webservice1,docker_cpu_core_16_ticks,0.0,2021-07-04 00:39:10
129388,2021-07-04,1625330365.0,0.0.0.3.logservice1,docker_cpu_core_16_ticks,0.0,2021-07-04 00:39:25
460452,2021-07-04,1625330365.0,0.0.0.3.webservice2,docker_cpu_core_16_ticks,0.0,2021-07-04 00:39:25
686545,2021-07-04,1625330371.0,0.0.0.4.dbservice1,docker_cpu_core_16_ticks,0.0,2021-07-04 00:39:31
365374,2021-07-04,1625330371.0,0.0.0.4.mobservice2,docker_cpu_core_16_ticks,0.0,2021-07-04 00:39:31
652653,2021-07-04,1625330380.0,0.0.0.1.mobservice1,docker_cpu_core_16_ticks,0.0,2021-07-04 00:39:40
620941,2021-07-04,1625330380.0,0.0.0.1.redisservice1,docker_cpu_core_16_ticks,0.0,2021-07-04 00:39:40
398786,2021-07-04,1625330380.0,0.0.0.1.webservice1,docker_cpu_core_16_ticks,0.0,2021-07-04 00:39:40
460453,2021-07-04,1625330395.0,0.0.0.3.webservice2,docker_cpu_core_16_ticks,0.0,2021-07-04 00:39:55
129389,2021-07-04,1625330395.0,0.0.0.3.logservice1,docker_cpu_core_16_ticks,0.0,2021-07-04 00:39:55
365375,2021-07-04,1625330401.0,0.0.0.4.mobservice2,docker_cpu_core_16_ticks,0.0,2021-07-04 00:40:01
686546,2021-07-04,1625330401.0,0.0.0.4.dbservice1,docker_cpu_core_16_ticks,0.0,2021-07-04 00:40:01
398787,2021-07-04,1625330410.0,0.0.0.1.webservice1,docker_cpu_core_16_ticks,0.0,2021-07-04 00:40:10
652654,2021-07-04,1625330410.0,0.0.0.1.mobservice1,docker_cpu_core_16_ticks,0.0,2021-07-04 00:40:10
620942,2021-07-04,1625330410.0,0.0.0.1.redisservice1,docker_cpu_core_16_ticks,0.0,2021-07-04 00:40:10
460454,2021-07-04,1625330425.0,0.0.0.3.webservice2,docker_cpu_core_16_ticks,0.0,2021-07-04 00:40:25
129390,2021-07-04,1625330425.0,0.0.0.3.logservice1,docker_cpu_core_16_ticks,0.0,2021-07-04 00:40:25
686547,2021-07-04,1625330431.0,0.0.0.4.dbservice1,docker_cpu_core_16_ticks,0.0,2021-07-04 00:40:31
365376,2021-07-04,1625330431.0,0.0.0.4.mobservice2,docker_cpu_core_16_ticks,0.0,2021-07-04 00:40:31
620943,2021-07-04,1625330440.0,0.0.0.1.redisservice1,docker_cpu_core_16_ticks,0.0,2021-07-04 00:40:40
652655,2021-07-04,1625330440.0,0.0.0.1.mobservice1,docker_cpu_core_16_ticks,0.0,2021-07-04 00:40:40
398788,2021-07-04,1625330440.0,0.0.0.1.webservice1,docker_cpu_core_16_ticks,0.0,2021-07-04 00:40:40
129391,2021-07-04,1625330455.0,0.0.0.3.logservice1,docker_cpu_core_16_ticks,0.0,2021-07-04 00:40:55
460455,2021-07-04,1625330455.0,0.0.0.3.webservice2,docker_cpu_core_16_ticks,0.0,2021-07-04 00:40:55
365377,2021-07-04,1625330461.0,0.0.0.4.mobservice2,docker_cpu_core_16_ticks,0.0,2021-07-04 00:41:01
686548,2021-07-04,1625330461.0,0.0.0.4.dbservice1,docker_cpu_core_16_ticks,0.0,2021-07-04 00:41:01
398789,2021-07-04,1625330470.0,0.0.0.1.webservice1,docker_cpu_core_16_ticks,0.0,2021-07-04 00:41:10
652656,2021-07-04,1625330470.0,0.0.0.1.mobservice1,docker_cpu_core_16_ticks,0.0,2021-07-04 00:41:10
620944,2021-07-04,1625330470.0,0.0.0.1.redisservice1,docker_cpu_core_16_ticks,0.0,2021-07-04 00:41:10
460456,2021-07-04,1625330485.0,0.0.0.3.webservice2,docker_cpu_core_16_ticks,0.0,2021-07-04 00:41:25
129392,2021-07-04,1625330485.0,0.0.0.3.logservice1,docker_cpu_core_16_ticks,0.0,2021-07-04 00:41:25
365378,2021-07-04,1625330491.0,0.0.0.4.mobservice2,docker_cpu_core_16_ticks,0.0,2021-07-04 00:41:31
686549,2021-07-04,1625330491.0,0.0.0.4.dbservice1,docker_cpu_core_16_ticks,0.0,2021-07-04 00:41:31
652657,2021-07-04,1625330500.0,0.0.0.1.mobservice1,docker_cpu_core_16_ticks,0.0,2021-07-04 00:41:40
620945,2021-07-04,1625330500.0,0.0.0.1.redisservice1,docker_cpu_core_16_ticks,0.0,2021-07-04 00:41:40
398790,2021-07-04,1625330500.0,0.0.0.1.webservice1,docker_cpu_core_16_ticks,0.0,2021-07-04 00:41:40
460457,2021-07-04,1625330515.0,0.0.0.3.webservice2,docker_cpu_core_16_ticks,0.0,2021-07-04 00:41:55
129393,2021-07-04,1625330515.0,0.0.0.3.logservice1,docker_cpu_core_16_ticks,0.0,2021-07-04 00:41:55
686550,2021-07-04,1625330521.0,0.0.0.4.dbservice1,docker_cpu_core_16_ticks,0.0,2021-07-04 00:42:01
365379,2021-07-04,1625330521.0,0.0.0.4.mobservice2,docker_cpu_core_16_ticks,0.0,2021-07-04 00:42:01
652658,2021-07-04,1625330530.0,0.0.0.1.mobservice1,docker_cpu_core_16_ticks,0.0,2021-07-04 00:42:10
620946,2021-07-04,1625330530.0,0.0.0.1.redisservice1,docker_cpu_core_16_ticks,0.0,2021-07-04 00:42:10
398791,2021-07-04,1625330530.0,0.0.0.1.webservice1,docker_cpu_core_16_ticks,0.0,2021-07-04 00:42:10
129394,2021-07-04,1625330545.0,0.0.0.3.logservice1,docker_cpu_core_16_ticks,0.0,2021-07-04 00:42:25
460458,2021-07-04,1625330545.0,0.0.0.3.webservice2,docker_cpu_core_16_ticks,0.0,2021-07-04 00:42:25
365380,2021-07-04,1625330551.0,0.0.0.4.mobservice2,docker_cpu_core_16_ticks,0.0,2021-07-04 00:42:31
686551,2021-07-04,1625330551.0,0.0.0.4.dbservice1,docker_cpu_core_16_ticks,0.0,2021-07-04 00:42:31
620947,2021-07-04,1625330560.0,0.0.0.1.redisservice1,docker_cpu_core_16_ticks,0.0,2021-07-04 00:42:40
398792,2021-07-04,1625330560.0,0.0.0.1.webservice1,docker_cpu_core_16_ticks,0.0,2021-07-04 00:42:40
652659,2021-07-04,1625330560.0,0.0.0.1.mobservice1,docker_cpu_core_16_ticks,0.0,2021-07-04 00:42:40
129395,2021-07-04,1625330575.0,0.0.0.3.logservice1,docker_cpu_core_16_ticks,0.0,2021-07-04 00:42:55
460459,2021-07-04,1625330575.0,0.0.0.3.webservice2,docker_cpu_core_16_ticks,0.0,2021-07-04 00:42:55
365381,2021-07-04,1625330581.0,0.0.0.4.mobservice2,docker_cpu_core_16_ticks,0.0,2021-07-04 00:43:01
686552,2021-07-04,1625330581.0,0.0.0.4.dbservice1,docker_cpu_core_16_ticks,0.0,2021-07-04 00:43:01
652660,2021-07-04,1625330590.0,0.0.0.1.mobservice1,docker_cpu_core_16_ticks,0.0,2021-07-04 00:43:10
398793,2021-07-04,1625330590.0,0.0.0.1.webservice1,docker_cpu_core_16_ticks,0.0,2021-07-04 00:43:10
620948,2021-07-04,1625330590.0,0.0.0.1.redisservice1,docker_cpu_core_16_ticks,0.0,2021-07-04 00:43:10
129396,2021-07-04,1625330605.0,0.0.0.3.logservice1,docker_cpu_core_16_ticks,0.0,2021-07-04 00:43:25
460460,2021-07-04,1625330605.0,0.0.0.3.webservice2,docker_cpu_core_16_ticks,0.0,2021-07-04 00:43:25
686553,2021-07-04,1625330611.0,0.0.0.4.dbservice1,docker_cpu_core_16_ticks,0.0,2021-07-04 00:43:31
365382,2021-07-04,1625330611.0,0.0.0.4.mobservice2,docker_cpu_core_16_ticks,0.0,2021-07-04 00:43:31
652661,2021-07-04,1625330620.0,0.0.0.1.mobservice1,docker_cpu_core_16_ticks,0.0,2021-07-04 00:43:40
398794,2021-07-04,1625330620.0,0.0.0.1.webservice1,docker_cpu_core_16_ticks,0.0,2021-07-04 00:43:40
620949,2021-07-04,1625330620.0,0.0.0.1.redisservice1,docker_cpu_core_16_ticks,0.0,2021-07-04 00:43:40
129397,2021-07-04,1625330635.0,0.0.0.3.logservice1,docker_cpu_core_16_ticks,0.0,2021-07-04 00:43:55
460461,2021-07-04,1625330635.0,0.0.0.3.webservice2,docker_cpu_core_16_ticks,0.0,2021-07-04 00:43:55
365383,2021-07-04,1625330641.0,0.0.0.4.mobservice2,docker_cpu_core_16_ticks,0.0,2021-07-04 00:44:01
686554,2021-07-04,1625330641.0,0.0.0.4.dbservice1,docker_cpu_core_16_ticks,0.0,2021-07-04 00:44:01
398795,2021-07-04,1625330650.0,0.0.0.1.webservice1,docker_cpu_core_16_ticks,0.0,2021-07-04 00:44:10
652662,2021-07-04,1625330650.0,0.0.0.1.mobservice1,docker_cpu_core_16_ticks,0.0,2021-07-04 00:44:10
620950,2021-07-04,1625330650.0,0.0.0.1.redisservice1,docker_cpu_core_16_ticks,0.0,2021-07-04 00:44:10
129398,2021-07-04,1625330665.0,0.0.0.3.logservice1,docker_cpu_core_16_ticks,0.0,2021-07-04 00:44:25
460462,2021-07-04,1625330665.0,0.0.0.3.webservice2,docker_cpu_core_16_ticks,0.0,2021-07-04 00:44:25
686555,2021-07-04,1625330671.0,0.0.0.4.dbservice1,docker_cpu_core_16_ticks,0.0,2021-07-04 00:44:31
365384,2021-07-04,1625330671.0,0.0.0.4.mobservice2,docker_cpu_core_16_ticks,0.0,2021-07-04 00:44:31
398796,2021-07-04,1625330680.0,0.0.0.1.webservice1,docker_cpu_core_16_ticks,0.0,2021-07-04 00:44:40
652663,2021-07-04,1625330680.0,0.0.0.1.mobservice1,docker_cpu_core_16_ticks,0.0,2021-07-04 00:44:40
620951,2021-07-04,1625330680.0,0.0.0.1.redisservice1,docker_cpu_core_16_ticks,0.0,2021-07-04 00:44:40
129399,2021-07-04,1625330695.0,0.0.0.3.logservice1,docker_cpu_core_16_ticks,0.0,2021-07-04 00:44:55
460463,2021-07-04,1625330695.0,0.0.0.3.webservice2,docker_cpu_core_16_ticks,0.0,2021-07-04 00:44:55
686556,2021-07-04,1625330701.0,0.0.0.4.dbservice1,docker_cpu_core_16_ticks,0.0,2021-07-04 00:45:01
365385,2021-07-04,1625330701.0,0.0.0.4.mobservice2,docker_cpu_core_16_ticks,0.0,2021-07-04 00:45:01
620952,2021-07-04,1625330710.0,0.0.0.1.redisservice1,docker_cpu_core_16_ticks,0.0,2021-07-04 00:45:10
398797,2021-07-04,1625330710.0,0.0.0.1.webservice1,docker_cpu_core_16_ticks,0.0,2021-07-04 00:45:10
652664,2021-07-04,1625330710.0,0.0.0.1.mobservice1,docker_cpu_core_16_ticks,0.0,2021-07-04 00:45:10
129400,2021-07-04,1625330725.0,0.0.0.3.logservice1,docker_cpu_core_16_ticks,0.0,2021-07-04 00:45:25
460464,2021-07-04,1625330725.0,0.0.0.3.webservice2,docker_cpu_core_16_ticks,0.0,2021-07-04 00:45:25
686557,2021-07-04,1625330731.0,0.0.0.4.dbservice1,docker_cpu_core_16_ticks,0.0,2021-07-04 00:45:31
365386,2021-07-04,1625330731.0,0.0.0.4.mobservice2,docker_cpu_core_16_ticks,0.0,2021-07-04 00:45:31
620953,2021-07-04,1625330740.0,0.0.0.1.redisservice1,docker_cpu_core_16_ticks,0.0,2021-07-04 00:45:40
398798,2021-07-04,1625330740.0,0.0.0.1.webservice1,docker_cpu_core_16_ticks,0.0,2021-07-04 00:45:40
652665,2021-07-04,1625330740.0,0.0.0.1.mobservice1,docker_cpu_core_16_ticks,0.0,2021-07-04 00:45:40
129401,2021-07-04,1625330755.0,0.0.0.3.logservice1,docker_cpu_core_16_ticks,0.0,2021-07-04 00:45:55
460465,2021-07-04,1625330755.0,0.0.0.3.webservice2,docker_cpu_core_16_ticks,0.0,2021-07-04 00:45:55
686558,2021-07-04,1625330761.0,0.0.0.4.dbservice1,docker_cpu_core_16_ticks,0.0,2021-07-04 00:46:01
365387,2021-07-04,1625330761.0,0.0.0.4.mobservice2,docker_cpu_core_16_ticks,0.0,2021-07-04 00:46:01
398799,2021-07-04,1625330770.0,0.0.0.1.webservice1,docker_cpu_core_16_ticks,0.0,2021-07-04 00:46:10
620954,2021-07-04,1625330770.0,0.0.0.1.redisservice1,docker_cpu_core_16_ticks,0.0,2021-07-04 00:46:10
652666,2021-07-04,1625330770.0,0.0.0.1.mobservice1,docker_cpu_core_16_ticks,0.0,2021-07-04 00:46:10
129402,2021-07-04,1625330785.0,0.0.0.3.logservice1,docker_cpu_core_16_ticks,0.0,2021-07-04 00:46:25
460466,2021-07-04,1625330785.0,0.0.0.3.webservice2,docker_cpu_core_16_ticks,0.0,2021-07-04 00:46:25
365388,2021-07-04,1625330791.0,0.0.0.4.mobservice2,docker_cpu_core_16_ticks,0.0,2021-07-04 00:46:31
686559,2021-07-04,1625330791.0,0.0.0.4.dbservice1,docker_cpu_core_16_ticks,0.0,2021-07-04 00:46:31
620955,2021-07-04,1625330800.0,0.0.0.1.redisservice1,docker_cpu_core_16_ticks,0.0,2021-07-04 00:46:40
652667,2021-07-04,1625330800.0,0.0.0.1.mobservice1,docker_cpu_core_16_ticks,0.0,2021-07-04 00:46:40
398800,2021-07-04,1625330800.0,0.0.0.1.webservice1,docker_cpu_core_16_ticks,0.0,2021-07-04 00:46:40
129403,2021-07-04,1625330815.0,0.0.0.3.logservice1,docker_cpu_core_16_ticks,0.0,2021-07-04 00:46:55
460467,2021-07-04,1625330815.0,0.0.0.3.webservice2,docker_cpu_core_16_ticks,0.0,2021-07-04 00:46:55
686560,2021-07-04,1625330821.0,0.0.0.4.dbservice1,docker_cpu_core_16_ticks,0.0,2021-07-04 00:47:01
365389,2021-07-04,1625330821.0,0.0.0.4.mobservice2,docker_cpu_core_16_ticks,0.0,2021-07-04 00:47:01
652668,2021-07-04,1625330830.0,0.0.0.1.mobservice1,docker_cpu_core_16_ticks,0.0,2021-07-04 00:47:10
620956,2021-07-04,1625330830.0,0.0.0.1.redisservice1,docker_cpu_core_16_ticks,0.0,2021-07-04 00:47:10
398801,2021-07-04,1625330830.0,0.0.0.1.webservice1,docker_cpu_core_16_ticks,0.0,2021-07-04 00:47:10
460468,2021-07-04,1625330845.0,0.0.0.3.webservice2,docker_cpu_core_16_ticks,0.0,2021-07-04 00:47:25
129404,2021-07-04,1625330845.0,0.0.0.3.logservice1,docker_cpu_core_16_ticks,0.0,2021-07-04 00:47:25
365390,2021-07-04,1625330851.0,0.0.0.4.mobservice2,docker_cpu_core_16_ticks,0.0,2021-07-04 00:47:31
686561,2021-07-04,1625330851.0,0.0.0.4.dbservice1,docker_cpu_core_16_ticks,0.0,2021-07-04 00:47:31
398802,2021-07-04,1625330860.0,0.0.0.1.webservice1,docker_cpu_core_16_ticks,0.0,2021-07-04 00:47:40
652669,2021-07-04,1625330860.0,0.0.0.1.mobservice1,docker_cpu_core_16_ticks,0.0,2021-07-04 00:47:40
620957,2021-07-04,1625330860.0,0.0.0.1.redisservice1,docker_cpu_core_16_ticks,0.0,2021-07-04 00:47:40
460469,2021-07-04,1625330875.0,0.0.0.3.webservice2,docker_cpu_core_16_ticks,0.0,2021-07-04 00:47:55
129405,2021-07-04,1625330875.0,0.0.0.3.logservice1,docker_cpu_core_16_ticks,0.0,2021-07-04 00:47:55
686562,2021-07-04,1625330881.0,0.0.0.4.dbservice1,docker_cpu_core_16_ticks,0.0,2021-07-04 00:48:01
365391,2021-07-04,1625330881.0,0.0.0.4.mobservice2,docker_cpu_core_16_ticks,0.0,2021-07-04 00:48:01
398803,2021-07-04,1625330890.0,0.0.0.1.webservice1,docker_cpu_core_16_ticks,0.0,2021-07-04 00:48:10
652670,2021-07-04,1625330890.0,0.0.0.1.mobservice1,docker_cpu_core_16_ticks,0.0,2021-07-04 00:48:10
620958,2021-07-04,1625330890.0,0.0.0.1.redisservice1,docker_cpu_core_16_ticks,0.0,2021-07-04 00:48:10
